server_id,user_id
BBG00PZZ94F4,NASDAQ:SDC
BBG00P19DKZ6,NYSE:CHWY
BBG00NPWH832,NYSE:ALC
BBG00NNG2ZJ8,NYSE:XRX
BBG00NK8H8T2,NASDAQ:TW
BBG00MRHG523,NYSE:STE
BBG00M4ZQDK0,NASDAQ:STNE
BBG00M4RHBD0,NYSE:RVLV
BBG00M1CKSK7,NYSE:SWI
BBG00LWZDYB9,NYSE:ESTC
BBG00LSD4456,NYSE:FTCH
BBG00LNJRQ09,NYSE:AMCR
BBG00LJYS1P8,NYSE:ELAN
BBG00LBLD3F7,NYSE:SDRL
BBG00L7XTP60,NASDAQ:TLRY
BBG00KXRCDP0,NYSE:CI
BBG00KR691K8,NASDAQ:CVET
BBG00KMXKWF9,NYSE:PRSP
BBG00KHY5S69,NASDAQ:AVGO
BBG00JR5MM31,NASDAQ:SGMS
BBG00JPGYW43,NYSE:ST
BBG00JM9XLN6,NYSE:NTR
BBG00JM7QBR6,NYSE:PAGS
BBG00JHNJW99,NASDAQ:FOXA
BBG00JH9TZ56,NYSE:APY
BBG00J7CBVW8,NYSE:EQH
BBG00HCY3Q67,NYSE:WH
BBG00H433CR2,NYSE:EVRG
BBG00GVR8YQ9,NYSE:LIN
BBG00GTWPCQ0,NYSE:DLPH
BBG00GSNPM07,NYSE:JHG
BBG00GQK3WB5,NYSE:SMAR
BBG00GNT7999,NYSE:NVT
BBG00GCTWDJ3,NYSE:CVNA
BBG00GBVBK51,NYSE:BKR
BBG00G41B914,NYSE:GOOS
BBG00FZYFVC5,NYSE:DK
BBG00FWQ4VD6,NASDAQ:ULTA
BBG00FN64XT9,NYSE:DXC
BBG00DYNJGH9,NYSE:ARNC
BBG00DXDL6Q1,NYSE:VST
BBG00DW3SZS1,NYSE:DELL
BBG00DDZZ1Z0,NASDAQ:THOR
BBG00DBBGRX1,NASDAQ:CRSP
BBG00D1WLVH9,NASDAQ:TIVO
BBG00D1WHZD9,NYSE:HTZ
BBG00D1PMS80,NASDAQ:CRON
BBG00D0Y81M1,NYSE:ASH
BBG00CW2JCN1,NYSE:ATH
BBG00CVQZQ96,NYSE:ITT
BBG00CBYY6M1,NYSE:HGV
BBG00C6H6D40,NYSE:USFD
BBG00C1BZMT9,NYSE:CNDT
BBG00BQZBV26,NYSE:PVTL
BBG00BN969C1,NYSE:CTVA
BBG00BN96922,NYSE:DOW
BBG00BLYKS03,NASDAQ:CRWD
BBG00BLVZ228,NYSE:FTV
BBG00BDQ1H13,NASDAQ:TEAM
BBG00B8N0HG1,NYSE:YUMC
BBG00B6WH9G3,NASDAQ:MTCH
BBG00B3T3HD3,NYSE:AA
BBG009S39JX6,NASDAQ:GOOGL
BBG009PH3Q86,NYSE:RACE
BBG009H04M17,NYSE:PLNT
BBG009DTD8H2,NYSE:UA
BBG0098VVDT9,NASDAQ:OLLI
BBG008NXC572,NYSE:WRK
BBG008NVB1C0,NASDAQ:MNST
BBG008HBD923,NYSE:SHOP
BBG0088CYPX8,NYSE:NLSN
BBG0084BBZY6,NASDAQ:SEDG
BBG00805D2Z3,NYSE:APHA
BBG007G7V505,NYSE:WORK
BBG0078ZLDG9,NYSE:FCAU
BBG0078W3NQ3,NYSE:HPE
BBG0077VNXV6,NASDAQ:PYPL
BBG0076WG2V1,NYSE:QSR
BBG0074Q3NK6,NASDAQ:ERI
BBG0073F9RT7,NASDAQ:LITE
BBG007387YL8,NASDAQ:PRAH
BBG006Q52QV2,NASDAQ:CYBR
BBG006Q0HY77,NYSE:CFG
BBG006MDLY05,NYSE:GDDY
BBG006LGV869,NASDAQ:VKTX
BBG006KFB6F8,NASDAQ:ONCE
BBG006G063F9,NYSE:INFO
BBG006FCB019,NYSE:ENR
BBG006D97VY9,NASDAQ:GH
BBG0069FB082,NYSE:CGC
BBG00658F3P3,NYSE:SYF
BBG0064N0ZZ5,NYSE:PAYC
BBG0063GCHH8,NYSE:SHAK
BBG0060CPLJ5,NYSE:AXTA
BBG005YW6FV6,NASDAQ:NBEV
BBG005SSJYH3,NASDAQ:QURE
BBG005H82GB2,NYSE:CC
BBG005CPNTQ2,NASDAQ:KHC
BBG005CM7J89,NASDAQ:WIX
BBG0059FN811,NYSE:KEYS
BBG0058KMH30,NYSE:HLT
BBG0057GTG80,NYSE:KODK
BBG004TPGBP5,NASDAQ:MRTX
BBG004S641N5,NYSE:BURL
BBG004S5X3Y9,NYSE:S
BBG004M9ZHX5,NASDAQ:LYFT
BBG004LTL7L2,NASDAQ:COMM
BBG004KB3S72,NASDAQ:ESPR
BBG0046L1KL9,NASDAQ:SFIX
BBG00441QMJ7,NYSE:SNAP
BBG003T4VFC2,NYSE:SPOT
BBG003RY97K2,NYSE:SEAS
BBG003QBJKN0,NASDAQ:ALLK
BBG003PS7JV1,NYSE:ALLE
BBG003CVMLQ2,NYSE:LW
BBG003CVJP50,NASDAQ:BYND
BBG0039320N9,NYSE:ZTS
BBG0038P3DM3,NASDAQ:RARX
BBG00359HX70,NASDAQ:ACIA
BBG00333FYS2,NYSE:IQV
BBG0033377Y3,NASDAQ:HDS
BBG002ZY3W71,NYSE:I
BBG002ZM63J5,NYSE:ZAYO
BBG002WMH2F2,NYSE:SERV
BBG002PHSYX9,NASDAQ:FANG
BBG002DZS299,NYSE:PLAN
BBG002CN8XN5,NASDAQ:GOGO
BBG002B04MT8,NYSE:UBER
BBG0029ZX840,NYSE:TWLO
BBG0029SNR63,NYSE:CPRI
BBG0026ZFZC4,NASDAQ:ITCI
BBG0025YWQ66,NYSE:FIT
BBG002583CV8,NYSE:PINS
BBG0022FDRY8,NASDAQ:MDB
BBG002293PJ4,NYSE:RH
BBG0020B4JG7,NASDAQ:FEYE
BBG001ZZPQJ6,NASDAQ:ROKU
BBG001YV1SM4,NASDAQ:OKTA
BBG001YKDND6,NYSE:LC
BBG001R72SR9,NYSE:UI
BBG001R3MNY9,NASDAQ:ENPH
BBG001QZCPJ2,NASDAQ:AMBA
BBG001QSGW81,NASDAQ:CLVS
BBG001QD41M9,NYSE:APTV
BBG001Q9P0K9,NASDAQ:RDUS
BBG001P63B80,NASDAQ:CDW
BBG001P3K000,NASDAQ:DNKN
BBG001NY45K9,NYSE:WPX
BBG001NVJ6W4,NASDAQ:YNDX
BBG001NDW1Z7,NASDAQ:NTNX
BBG001M8HHB7,NASDAQ:TRIP
BBG001KY4N87,NYSE:ARMK
BBG001KY3845,NYSE:ALSN
BBG001KWG293,NYSE:GRUB
BBG001KJ7WJ5,NASDAQ:AERI
BBG001J4BCN4,NASDAQ:COUP
BBG001J1QN87,NASDAQ:ICPT
BBG001HRFJG4,NYSE:ZEN
BBG001DCCGR8,NYSE:MPC
BBG001D8G1B3,NYSE:INXN
BBG001CGB489,NYSE:VEEV
BBG001C7TST4,NASDAQ:SPLK
BBG001B4BV87,NYSE:FBHS
BBG0019V9M65,NASDAQ:TNDM
BBG0019T5SG0,NYSE:TDOC
BBG0019LSQ49,NYSE:FRC
BBG0019JZ882,NYSE:KMI
BBG0018YXYX7,NASDAQ:PBYI
BBG0018SLDN0,NASDAQ:DBX
BBG0018SLC07,NYSE:SQ
BBG0016WLQ18,NYSE:GNC
BBG0016WLGY4,NASDAQ:TSG
BBG0016T3GQ0,NASDAQ:VC
BBG001636CR2,NASDAQ:FIVE
BBG0014XR0N5,NYSE:CHGG
BBG0014GJCT9,NYSE:PANW
BBG0014FFY08,NASDAQ:HZNP
BBG000VPGNR2,NASDAQ:CHTR
BBG000VD6768,NASDAQ:ZNGA
BBG000VC0T95,NASDAQ:WDAY
BBG000V1Y6Q3,NYSE:IPI
BBG000TVRB50,NASDAQ:TREE
BBG000TRJ294,NYSE:AWK
BBG000TJM7F0,NYSE:KDP
BBG000TCD088,NYSE:DAN
BBG000TBYFR3,NYSE:PAGP
BBG000RTDY25,NYSE:MSCI
BBG000RQ2GY7,NASDAQ:PFPT
BBG000RJ2J04,NASDAQ:SSNC
BBG000RD3CL8,NYSE:FNV
BBG000R8ZVD1,NASDAQ:LULU
BBG000R8RSL8,NASDAQ:PTLA
BBG000R7Z112,NYSE:DAL
BBG000R7RDB4,NYSE:CXO
BBG000R4Y9C1,NYSE:AVLR
BBG000R33BD1,NASDAQ:RETA
BBG000QY4ZD0,NASDAQ:AGIO
BBG000QY3XZ2,NASDAQ:EXPE
BBG000QX74T1,NYSE:CMG
BBG000QW7VC1,NYSE:HCA
BBG000QS6NV8,NASDAQ:MDGL
BBG000QRKJ70,NASDAQ:GRPN
BBG000QNRY51,NASDAQ:ARAY
BBG000QN4GY3,NYSE:RLGY
BBG000QL9YL7,NASDAQ:GLUU
BBG000QL8VH9,NASDAQ:XON
BBG000QHV8S1,NYSE:CVI
BBG000QGWY50,NASDAQ:BLUE
BBG000QFJ7H3,NYSE:OAS
BBG000Q9FZL4,NYSE:AER
BBG000Q5VCD4,NASDAQ:NCMI
BBG000Q4SFZ0,NASDAQ:SNCR
BBG000Q3JN03,NYSE:RF
BBG000Q26KW0,NASDAQ:AIMC
BBG000Q1R1Y9,NYSE:BERY
BBG000Q1GK24,NYSE:CNO
BBG000Q0SZJ2,NASDAQ:LOGM
BBG000Q0BPZ4,NYSE:CIT
BBG000PXZFW2,NYSE:WLK
BBG000PXGT62,NYSE:TPX
BBG000PXDL44,NASDAQ:LKQ
BBG000PX3XC0,NYSE:WLL
BBG000PW5VX1,NYSE:AR
BBG000PVRDL2,NYSE:WPM
BBG000PV2M48,NASDAQ:HURN
BBG000PTLGZ1,NYSE:LEA
BBG000PSKYX7,NYSE:V
BBG000PSJP22,NYSE:CVE
BBG000PRJ2Z9,NYSE:SPR
BBG000PPL3G9,NASDAQ:MNKD
BBG000PPFKQ7,NYSE:BR
BBG000PNF2V6,NASDAQ:KNDI
BBG000PMSK08,NYSE:BOX
BBG000P9D329,NASDAQ:WPRT
BBG000P2TYL8,NASDAQ:LPLA
BBG000P28YZ6,NYSE:KBR
BBG000P1K2X6,NASDAQ:GTLS
BBG000NV1KK7,NYSE:DG
BBG000NSHMZ7,NYSE:TRQ
BBG000NS26Q8,NYSE:HUN
BBG000NDYB67,NYSE:GM
BBG000N9MNX3,NASDAQ:TSLA
BBG000N7MXL8,NASDAQ:ETSY
BBG000N7KJX8,NASDAQ:DOCU
BBG000N2HDY5,NYSE:ANET
BBG000N0G2Z3,NYSE:ERF
BBG000MQ1SN9,NYSE:DVA
BBG000MM5VL9,NYSE:HLF
BBG000MM2P62,NASDAQ:FB
BBG000MDCQC2,NYSE:ABC
BBG000MBHNC8,NYSE:MOH
BBG000M6TR37,NASDAQ:SBNY
BBG000M5QDX0,NASDAQ:MNTA
BBG000M44VW8,NYSE:OC
BBG000M1R011,NYSE:NOW
BBG000LZZSW3,NASDAQ:IBKC
BBG000LR8515,NYSE:SBH
BBG000LNL298,NASDAQ:NUVA
BBG000LL9LQ5,NYSE:IAG
BBG000LD9JQ8,NASDAQ:WYNN
BBG000LC1FS4,NYSE:ATI
BBG000L8CBX4,NYSE:TDG
BBG000L4M7F1,NYSE:RMD
BBG000KLDTJ2,NASDAQ:WETF
BBG000KLB4Q1,NASDAQ:SWKS
BBG000KHWT55,NYSE:HPQ
BBG000KD2ZL5,AMEX:NGD
BBG000K88H58,NYSE:FCN
BBG000K82ZT8,NASDAQ:CHKP
BBG000K712R6,NASDAQ:OTEX
BBG000K4ND22,NYSE:CVX
BBG000K1J931,NASDAQ:CSIQ
BBG000JYP7L8,NYSE:CE
BBG000JWD753,NYSE:LVS
BBG000JSTBB9,NYSE:CPE
BBG000JKCWS0,NYSE:CLB
BBG000JK9DK4,NASDAQ:PLCE
BBG000JK57G6,NYSE:NAT
BBG000JH6683,NASDAQ:IONS
BBG000J6XT05,NASDAQ:EXC
BBG000J5Q6L2,NYSE:GNW
BBG000J5J943,NASDAQ:CLNE
BBG000J4L211,NYSE:BKD
BBG000J1QLT0,NYSE:STZ
BBG000J0D904,NYSE:BIG
BBG000J094P3,NYSE:RNG
BBG000HXNN20,NASDAQ:ACGL
BBG000HXJB21,NASDAQ:IRBT
BBG000HS77T5,NYSE:VZ
BBG000HLJ7M4,NASDAQ:IDCC
BBG000HGYNZ9,NASDAQ:STLD
BBG000HGTH33,NYSE:CARS
BBG000HG21Y3,NYSE:NUS
BBG000H9G7X2,NYSE:ANF
BBG000H8TVT2,NYSE:TGT
BBG000H8LGK2,NYSE:MD
BBG000H6HNW3,NYSE:TWTR
BBG000H3YXF8,NASDAQ:CTAS
BBG000H3FZM6,NASDAQ:SRCL
BBG000H1F895,NASDAQ:MLNX
BBG000H0QBS7,NASDAQ:LBTYA
BBG000H01H92,NASDAQ:AMCX
BBG000GZYVY1,NASDAQ:JACK
BBG000GZQ728,NYSE:XOM
BBG000GXZ4W7,NASDAQ:ANSS
BBG000GX1891,NASDAQ:GERN
BBG000GTYWL7,NYSE:QGEN
BBG000GQPB11,NASDAQ:MELI
BBG000GQGJT4,NYSE:THS
BBG000GQ1G25,NYSE:TUP
BBG000GPXKX9,NYSE:FLT
BBG000GJS7C1,NASDAQ:NBIX
BBG000GHZSZ6,NYSE:FHN
BBG000G9CGL0,NASDAQ:JAZZ
BBG000G8N9C6,NYSE:JWN
BBG000G3QLY3,NYSE:AMP
BBG000G2GJT7,NASDAQ:HRTX
BBG000FY4S11,NYSE:C
BBG000FXW512,NYSE:PKI
BBG000FVXD63,NYSE:RRC
BBG000FVQ185,NASDAQ:SPWR
BBG000FSMWC3,NYSE:WSM
BBG000FRNTH6,NASDAQ:ISBC
BBG000FQRVM3,NYSE:WAT
BBG000FQ7YR4,NYSE:LYV
BBG000FQ6PY6,NASDAQ:CTXS
BBG000FLZN98,NYSE:MHK
BBG000FLPRH1,NASDAQ:CAR
BBG000FLHZZ2,NYSE:WCN
BBG000FLF615,NYSE:AXS
BBG000FKJRC5,NYSE:EL
BBG000FJS1S8,NYSE:LNN
BBG000FJRZ68,NYSE:DO
BBG000FH8PX5,NYSE:AGN
BBG000FFH4P5,NYSE:FLS
BBG000FFFQR6,NYSE:WTI
BBG000FFDM15,NYSE:USB
BBG000FDBX90,NYSE:CNP
BBG000FBK808,NYSE:DNR
BBG000F86GP6,NYSE:MCO
BBG000F7RHK8,NASDAQ:TZOO
BBG000F6ZWH2,NYSE:DKS
BBG000F6H8W8,NASDAQ:COST
BBG000F61RJ8,NYSE:ACM
BBG000F5YH15,NYSE:WWE
BBG000F5VVB6,NASDAQ:NDAQ
BBG000F4W0M4,NYSE:SIX
BBG000F3CWW7,NASDAQ:JCOM
BBG000F395V1,NYSE:COTY
BBG000F2XXP2,NASDAQ:SBGI
BBG000F1ZSQ2,NYSE:MA
BBG000F0KF42,NASDAQ:STX
BBG000DYGNW7,NYSE:MCK
BBG000DX5DX2,NASDAQ:MDCO
BBG000DW4Q75,NASDAQ:LNT
BBG000DV7MX4,NASDAQ:ON
BBG000DT5D52,NASDAQ:ABEO
BBG000DSMS70,NASDAQ:ILMN
BBG000DRJFC8,NYSE:CLDR
BBG000DQTXY6,NYSE:DHI
BBG000DQN9R3,NASDAQ:MIDD
BBG000DQLV23,NYSE:BMY
BBG000DQBZJ7,NYSE:ATGE
BBG000DN7P92,NYSE:SYK
BBG000DN4ZT1,NASDAQ:TCBI
BBG000DMBXR2,NYSE:JPM
BBG000DM2BF3,NASDAQ:SNBR
BBG000DLY9B9,NYSE:BMO
BBG000DLFM21,NYSE:BHC
BBG000DKCC19,NYSE:TSN
BBG000DHSPT0,NASDAQ:VIAB
BBG000DH7JK6,NASDAQ:PEP
BBG000DGPR66,NYSE:BG
BBG000DGLTG5,NYSE:DLB
BBG000DFGRY7,NASDAQ:CMPR
BBG000DCNK80,NYSE:RPM
BBG000DCCZW2,NYSE:AGCO
BBG000D9KWL9,NYSE:MTB
BBG000D9H9F1,NASDAQ:MYGN
BBG000D9D830,NYSE:ACN
BBG000D8RG11,NYSE:NRG
BBG000D86F25,NYSE:BWXT
BBG000D7JKW9,NASDAQ:CSGP
BBG000D6TC94,NYSE:JOE
BBG000D6L294,NYSE:XEC
BBG000D5S4M0,NYSE:PII
BBG000D52545,NASDAQ:WEN
BBG000D4YTR6,NASDAQ:VLY
BBG000D4LWF6,NASDAQ:MDLZ
BBG000D42FJ0,NYSE:DDD
BBG000D2ZTS8,NYSE:HBI
BBG000D2M6H4,NYSE:MTW
BBG000D25424,AMEX:NG
BBG000D0FNV3,NYSE:WCC
BBG000CZWZ05,NASDAQ:BMRN
BBG000CY5S22,AMEX:SVM
BBG000CX0P89,NYSE:GPN
BBG000CWL0F5,NASDAQ:EXAS
BBG000CVWGS6,NASDAQ:ATVI
BBG000CTQBF3,NASDAQ:SBUX
BBG000CTM4J9,NYSE:CRI
BBG000CSY9H9,NASDAQ:BBBY
BBG000CS8TM8,NASDAQ:CAKE
BBG000CS7CT9,NYSE:KSS
BBG000CQB185,NYSE:AGO
BBG000CPZ0F5,NASDAQ:PDLI
BBG000CP3D44,NASDAQ:AMSC
BBG000CNWNL6,NYSE:OI
BBG000CLVM51,NYSE:WCG
BBG000CL9VN6,NASDAQ:NFLX
BBG000CKVSG8,NYSE:CNX
BBG000CKGBP2,NASDAQ:GILD
BBG000CJ2181,NYSE:RS
BBG000CHWP52,NASDAQ:DISCA
BBG000CHSS88,NASDAQ:ODFL
BBG000CHF7G9,NASDAQ:AMAG
BBG000CH7WB8,NYSE:AG
BBG000CH5208,NYSE:UNH
BBG000CGC1X8,NASDAQ:QCOM
BBG000CF8227,NYSE:DBI
BBG000CF5097,NYSE:GBX
BBG000CDMJW6,NASDAQ:CALM
BBG000CC7LQ7,NASDAQ:ZBRA
BBG000CC53X1,NYSE:OSK
BBG000CBMH27,NYSE:MTG
BBG000CB8Q50,NYSE:UHS
BBG000C90DH9,NYSE:IPG
BBG000C8H633,NYSE:MRO
BBG000C7TF41,NYSE:HAE
BBG000C7B436,NYSE:TEX
BBG000C75N77,NYSE:CMA
BBG000C734W3,NASDAQ:REGN
BBG000C6CFJ5,NYSE:GS
BBG000C60K98,NYSE:CVA
BBG000C5Z443,NYSE:CFX
BBG000C5Z1S3,NASDAQ:MU
BBG000C5HS04,NYSE:NKE
BBG000C4ZZ10,NYSE:SIG
BBG000C4NJF4,NASDAQ:TTEC
BBG000C4LN67,NASDAQ:GRMN
BBG000C4K3D4,NASDAQ:ADTN
BBG000C496P7,NYSE:CBS
BBG000C46HM9,NYSE:M
BBG000C45984,NYSE:L
BBG000C43RR5,NASDAQ:EBAY
BBG000C42WS4,NYSE:CMP
BBG000C3W281,NASDAQ:MASI
BBG000C3NTN5,NASDAQ:HOLX
BBG000C3MXG5,NASDAQ:DOX
BBG000C3J3C9,NASDAQ:CSCO
BBG000C3HSR0,AMEX:LNG
BBG000C3GN47,NYSE:COG
BBG000C37332,NASDAQ:FOSL
BBG000C2YHG9,NASDAQ:DISH
BBG000C2VBB0,NASDAQ:PTC
BBG000C2V3D6,NYSE:A
BBG000C2PW58,NYSE:BLK
BBG000C2PL98,NYSE:CFR
BBG000C2H3F0,NYSE:CLGX
BBG000C2BXK4,NYSE:MGM
BBG000C29813,NYSE:CPA
BBG000C23PB0,NYSE:LDOS
BBG000C23KJ3,NYSE:AES
BBG000C22QV7,NYSE:SEE
BBG000C1XVK6,NYSE:RE
BBG000C1XSP8,NASDAQ:PLUG
BBG000C1S2X2,NASDAQ:VRTX
BBG000C1HN22,NYSE:IEX
BBG000C1FQS9,NYSE:ETR
BBG000C1FB75,NYSE:ICE
BBG000C1BW00,NYSE:LMT
BBG000C19QW1,NYSE:CHE
BBG000C17X76,NASDAQ:BIIB
BBG000C13CD9,NASDAQ:CDNS
BBG000C136Z8,NASDAQ:NTCT
BBG000C101X4,NASDAQ:ABMD
BBG000C0RWX9,NASDAQ:SSRM
BBG000C0RGY3,NASDAQ:PAAS
BBG000C0LW92,NYSE:BSX
BBG000C0HQ54,NASDAQ:ENDP
BBG000C0G1D1,NASDAQ:INTC
BBG000C060M4,NYSE:AMG
BBG000C04224,NYSE:CBRE
BBG000BZX1N5,NYSE:AIZ
BBG000BZTW70,NYSE:NBR
BBG000BZJQL8,NASDAQ:IART
BBG000BZCKH3,NYSE:MTD
BBG000BZ9223,NYSE:EOG
BBG000BYYLS8,NYSE:BBT
BBG000BYWTX7,NASDAQ:MRVL
BBG000BY33P5,NYSE:JNPR
BBG000BY2Y78,NYSE:IVZ
BBG000BXZ416,NASDAQ:CRZO
BBG000BXPZB7,NYSE:INGR
BBG000BXNJ07,NASDAQ:CY
BBG000BXMFC3,NYSE:URI
BBG000BXBHJ4,NYSE:TD
BBG000BX8DC4,NYSE:FL
BBG000BX3TD3,NYSE:X
BBG000BWVSR1,NYSE:WM
BBG000BWVCP8,NYSE:WMB
BBG000BWSV34,NYSE:WHR
BBG000BWQLY4,NASDAQ:PACW
BBG000BWQFY7,NYSE:WFC
BBG000BWPP85,NASDAQ:WERN
BBG000BWP7D9,NYSE:WEC
BBG000BWNFZ9,NASDAQ:WDC
BBG000BWM5P3,NASDAQ:INSM
BBG000BWLMJ4,NASDAQ:WBA
BBG000BWKB81,NYSE:VSH
BBG000BWJFZ4,NYSE:CF
BBG000BWGYF8,NYSE:VMC
BBG000BWCKB6,NYSE:VFC
BBG000BWBZN1,NYSE:VAR
BBG000BWB7V4,NYSE:VMI
BBG000BW8S60,NYSE:UTX
BBG000BW3299,NYSE:UNP
BBG000BW0R88,NYSE:UIS
BBG000BVYN55,NYSE:UGI
BBG000BVXPZ8,NYSE:NYCB
BBG000BVXC87,NASDAQ:UBSI
BBG000BVWLJ6,NYSE:JCI
BBG000BVVQQ8,NYSE:TXT
BBG000BVV7G1,NASDAQ:TXN
BBG000BVPV84,NASDAQ:AMZN
BBG000BVN235,NYSE:TRP
BBG000BVMPN3,NASDAQ:TROW
BBG000BVMGF2,NYSE:ALL
BBG000BVMG26,NASDAQ:MKSI
BBG000BVLRY8,NYSE:ALV
BBG000BVL2G3,NYSE:TRN
BBG000BVHBM1,NYSE:TOL
BBG000BVDLH9,NYSE:TMO
BBG000BVD6X4,NYSE:GL
BBG000BV8DN6,NYSE:TJX
BBG000BV75B7,NYSE:TIF
BBG000BV59Y6,NYSE:TFX
BBG000BV4XJ1,NASDAQ:UTHR
BBG000BV4DR6,NASDAQ:TER
BBG000BV2BR2,NASDAQ:TECD
BBG000BTVJ25,NYSE:SYY
BBG000BTR593,NYSE:SWN
BBG000BTQR96,NYSE:SWK
BBG000BTKGG8,NYSE:STI
BBG000BTHH16,NYSE:SCI
BBG000BTGCV5,NYSE:SPXC
BBG000BTCH57,NASDAQ:CHRW
BBG000BT9DW0,NYSE:SO
BBG000BT5PG5,NYSE:SMG
BBG000BT4C39,NYSE:LAZ
BBG000BT41Q8,NYSE:SLB
BBG000BT1715,NYSE:SJM
BBG000BT0CM2,NASDAQ:SIVB
BBG000BT0093,NASDAQ:SIRI
BBG000BSXQV7,NYSE:SHW
BBG000BSRN78,NYSE:NCLH
BBG000BSJK37,NYSE:T
BBG000BSHJ96,NASDAQ:SAFM
BBG000BSHH72,NYSE:SCCO
BBG000BSFRF3,NASDAQ:SNPS
BBG000BSD7C2,NYSE:RTN
BBG000BSC0K9,NASDAQ:DLTR
BBG000BSBZH7,NASDAQ:ROST
BBG000BS9489,NYSE:OMC
BBG000BS7KS3,NYSE:TAP
BBG000BS73J1,NYSE:RJF
BBG000BS5DR2,NYSE:RHI
BBG000BS5170,NASDAQ:RGLD
BBG000BS0ZF1,NYSE:RL
BBG000BRWGM2,NASDAQ:CONN
BBG000BRWGG9,NYSE:RAD
BBG000BRW644,NYSE:EPC
BBG000BRVP70,NYSE:R
BBG000BRRG02,NYSE:PVH
BBG000BRQ6L2,NASDAQ:JBLU
BBG000BRNGM2,NYSE:ATO
BBG000BRMJN6,NYSE:WTR
BBG000BRJL00,NYSE:PPL
BBG000BRD0D8,NYSE:PNC
BBG000BR54L0,NYSE:PHM
BBG000BR3KL6,NYSE:PH
BBG000BR32C6,NASDAQ:RMBS
BBG000BR2TH3,NYSE:PG
BBG000BR2B91,NYSE:PFE
BBG000BR1KR2,NASDAQ:PDCE
BBG000BQZMH4,NYSE:PEG
BBG000BQWPC5,NYSE:PCG
BBG000BQW085,NASDAQ:HAIN
BBG000BQVTF5,NASDAQ:PCAR
BBG000BQV1S2,NASDAQ:SYNA
BBG000BQT4L6,NASDAQ:PBCT
BBG000BQSQ38,NASDAQ:PAYX
BBG000BQQH30,NYSE:COP
BBG000BQQ2S6,NYSE:OXY
BBG000BQPC32,NYSE:F
BBG000BQHTV3,NYSE:OLN
BBG000BQHGR6,NYSE:OKE
BBG000BQC9V2,NASDAQ:NWL
BBG000BQ8KV2,NYSE:NUE
BBG000BQ5DS5,NYSE:NSC
BBG000BQ4WF8,NASDAQ:EXEL
BBG000BQ2C28,NYSE:NOC
BBG000BPZBB6,NYSE:NI
BBG000BPYHJ6,NYSE:OCN
BBG000BPXVJ6,NYSE:RSG
BBG000BPWXK1,NYSE:NEM
BBG000BPT0C6,NYSE:NBL
BBG000BPS2V2,NYSE:NAV
BBG000BPPV05,NASDAQ:ACHN
BBG000BPNP00,NASDAQ:MXIM
BBG000BPMH90,NYSE:MUR
BBG000BPH459,NASDAQ:MSFT
BBG000BPD168,NYSE:MRK
BBG000BPBVW5,NASDAQ:CGNX
BBG000BP9WJ1,NYSE:ADT
BBG000BP8Z50,NYSE:MSI
BBG000BP5YT0,NASDAQ:FLEX
BBG000BP52R2,NYSE:MMM
BBG000BP4MH0,NYSE:MMC
BBG000BP25X1,AMEX:VHC
BBG000BP1Q11,NYSE:SPGI
BBG000BP1152,NYSE:CIEN
BBG000BP0KQ8,NASDAQ:EA
BBG000BP0929,NYSE:FII
BBG000BNWG87,NYSE:MDT
BBG000BNTTY4,NYSE:MDC
BBG000BNSZP1,NYSE:MCD
BBG000BNQN34,NYSE:MBI
BBG000BNPSQ9,NASDAQ:INCY
BBG000BNPS52,NASDAQ:TRMB
BBG000BNNYW1,NASDAQ:MAT
BBG000BNNKG9,NYSE:MAS
BBG000BNMHS4,NYSE:MAN
BBG000BNLPJ7,NYSE:MGA
BBG000BNJHS8,NYSE:LUV
BBG000BNGTQ7,NYSE:LB
BBG000BNFLM9,NASDAQ:LRCX
BBG000BNF508,NYSE:LPX
BBG000BNDN65,NYSE:LOW
BBG000BND699,NASDAQ:NXPI
BBG000BNC3Y9,NYSE:LNC
BBG000BNBPQ0,NYSE:LM
BBG000BNBDC2,NYSE:LLY
BBG000BN8ZK8,NYSE:DAR
BBG000BN84F3,NYSE:DGX
BBG000BN7277,NYSE:EGO
BBG000BN5HF7,NYSE:LEN
BBG000BN2DC2,NYSE:CRM
BBG000BMY992,NYSE:KR
BBG000BMXK89,NYSE:NCR
BBG000BMWV95,NYSE:RDN
BBG000BMW2Z0,NYSE:KMB
BBG000BMTFR4,NASDAQ:KLAC
BBG000BMT9T6,NYSE:TDY
BBG000BMNBY1,NASDAQ:EEFT
BBG000BMLWX8,NYSE:KBH
BBG000BMKDM3,NYSE:K
BBG000BMHYD1,NYSE:JNJ
BBG000BMH2Q7,NASDAQ:JKHY
BBG000BMFFQ0,NYSE:JEC
BBG000BMFD58,NASDAQ:AMTD
BBG000BMDBZ1,NASDAQ:JBHT
BBG000BMC8K5,NASDAQ:DAKT
BBG000BMBL90,NYSE:ITW
BBG000BM9RH1,NASDAQ:CPRT
BBG000BM7L13,NYSE:TGI
BBG000BM5SR2,NYSE:IP
BBG000BM0QL7,NASDAQ:AOBC
BBG000BLZRJ2,NYSE:MS
BBG000BLY663,NASDAQ:CROX
BBG000BLXZN1,NASDAQ:TSCO
BBG000BLVBC8,NYSE:CHS
BBG000BLRP41,NASDAQ:OLED
BBG000BLMZK6,NYSE:KMX
BBG000BLKK03,NYSE:HUM
BBG000BLGFJ9,NYSE:LHX
BBG000BLF8D2,NYSE:HRL
BBG000BLDXH5,NASDAQ:MDRX
BBG000BLDV98,NYSE:HRB
BBG000BLBVN4,NASDAQ:BKNG
BBG000BL8GJ6,NYSE:AKS
BBG000BL79J3,NASDAQ:URBN
BBG000BL4504,NYSE:CHK
BBG000BL16Q7,NYSE:HEI
BBG000BKZB36,NYSE:HD
BBG000BKXYX5,NYSE:DECK
BBG000BKXBV7,NASDAQ:ARNA
BBG000BKWSR6,NASDAQ:HBAN
BBG000BKWR89,NASDAQ:RDWR
BBG000BKVJK4,NASDAQ:HAS
BBG000BKTFN2,NYSE:HAL
BBG000BKR1D6,NYSE:GWW
BBG000BKPL53,NYSE:ZBH
BBG000BKNX95,NASDAQ:GT
BBG000BKLH74,NYSE:GPS
BBG000BKL348,NYSE:GPC
BBG000BKKQ84,NASDAQ:COLM
BBG000BKJ092,NASDAQ:GNTX
BBG000BKFZM4,NYSE:GLW
BBG000BKF014,NASDAQ:LGND
BBG000BKCFC2,NYSE:GIS
BBG000BK5DP1,NYSE:TGNA
BBG000BK2F42,NYSE:FIS
BBG000BK28N7,NYSE:EAT
BBG000BJW241,NYSE:EXP
BBG000BJSBJ0,NYSE:NEE
BBG000BJQWD2,NASDAQ:AKAM
BBG000BJPDZ1,NASDAQ:ISRG
BBG000BJP882,NYSE:FMC
BBG000BJL3N0,NASDAQ:FITB
BBG000BJKPG0,NASDAQ:FISV
BBG000BJDB15,NYSE:FCX
BBG000BJ81C1,NYSE:TRV
BBG000BJ5HK0,NYSE:AYI
BBG000BJ5GK2,NASDAQ:EXPD
BBG000BJ49H3,NYSE:BWA
BBG000BJ3PD2,NYSE:ETN
BBG000BJ26K7,NYSE:ALB
BBG000BHZ5J9,NYSE:EQT
BBG000BHX9P6,NYSE:BYD
BBG000BHX7N2,NYSE:EMR
BBG000BHLYS1,NYSE:ED
BBG000BHLYP4,NASDAQ:CME
BBG000BHKYH4,NYSE:ECL
BBG000BHK836,NASDAQ:FLIR
BBG000BHHQ76,NASDAQ:AVID
BBG000BHGDH5,NYSE:DUK
BBG000BHCYJ1,NASDAQ:NKTR
BBG000BHCP19,NASDAQ:MCHP
BBG000BHBGN6,NYSE:CLR
BBG000BH93Y6,NYSE:RRD
BBG000BH92D1,NYSE:MTOR
BBG000BH5LT6,NYSE:RIG
BBG000BH5DV1,NASDAQ:INTU
BBG000BH4R78,NYSE:DIS
BBG000BH3JF8,NYSE:DHR
BBG000BH3GZ2,NYSE:YUM
BBG000BH2JM1,NASDAQ:NLOK
BBG000BH0FR6,NASDAQ:SGEN
BBG000BGZT72,NYSE:AYX
BBG000BGYWY6,NASDAQ:ORLY
BBG000BGYMH7,NYSE:MLM
BBG000BGYDX9,NYSE:DBD
BBG000BGXZB5,NYSE:AEO
BBG000BGRY34,NYSE:CVS
BBG000BGPTV6,NYSE:CMI
BBG000BGKXV2,NYSE:CTB
BBG000BGKHZ3,NASDAQ:VRSN
BBG000BGJRC8,NASDAQ:CSX
BBG000BGCQT9,NYSE:CRS
BBG000BG88X9,NASDAQ:CVLT
BBG000BG5BL8,NYSE:CRL
BBG000BG4202,NYSE:CPB
BBG000BG1DH3,NASDAQ:COHR
BBG000BG14P4,NASDAQ:CREE
BBG000BG09F5,NASDAQ:GPOR
BBG000BFXHL6,NYSE:MOS
BBG000BFVXX0,NYSE:CMS
BBG000BFV115,NYSE:SM
BBG000BFT2L4,NASDAQ:CMCSA
BBG000BFSND8,NYSE:CMC
BBG000BFS7D3,NYSE:CLX
BBG000BFRF55,NYSE:CLF
BBG000BFQYY3,NYSE:CL
BBG000BFPK65,NASDAQ:CINF
BBG000BFNR17,NYSE:ADS
BBG000BFLXV3,NASDAQ:PPC
BBG000BFL116,NASDAQ:FSLR
BBG000BFJT36,NYSE:CHD
BBG000BFGNJ5,NASDAQ:ALNY
BBG000BFDLV8,NASDAQ:CERN
BBG000BFD605,NASDAQ:CENT
BBG000BFC848,NYSE:KNX
BBG000BF8TF5,NYSE:CDE
BBG000BF6RQ9,NYSE:SAVE
BBG000BF6LY3,NYSE:CCL
BBG000BF6756,NYSE:CCK
BBG000BF33K1,NASDAQ:CBRL
BBG000BF0K17,NYSE:CAT
BBG000BF0672,NASDAQ:CASY
BBG000BDY3Y7,NYSE:CYH
BBG000BDXGP9,NYSE:CAG
BBG000BDXCJ5,NYSE:CNC
BBG000BDNB35,NASDAQ:BPOP
BBG000BDLQJ7,NYSE:BZH
BBG000BDDNH5,NYSE:BLL
BBG000BDD940,NYSE:WAB
BBG000BDCB28,NASDAQ:VECO
BBG000BD9525,NYSE:BKE
BBG000BD2167,NASDAQ:ITRI
BBG000BD0TF8,NYSE:BEN
BBG000BCZYD3,NYSE:BDX
BBG000BCZL41,NASDAQ:VRSK
BBG000BCZBF1,NYSE:SAM
BBG000BCXNS3,NYSE:BCE
BBG000BCWSS3,NYSE:BC
BBG000BCWKD6,NYSE:VOYA
BBG000BCVMH9,NYSE:CP
BBG000BCVJ77,NYSE:BAX
BBG000BCTQ65,NASDAQ:XEL
BBG000BCTLF6,NYSE:BAC
BBG000BCSST7,NYSE:BA
BBG000BCQZS4,NYSE:AXP
BBG000BCQ4P6,NYSE:AVY
BBG000BCPB71,NASDAQ:AVT
BBG000BCNYT9,NYSE:AVP
BBG000BCMWM1,NYSE:MTN
BBG000BCMBG4,NASDAQ:FTNT
BBG000BCJ161,NASDAQ:SRPT
BBG000BCG930,NYSE:ANTM
BBG000BCD3D5,NYSE:ARW
BBG000BC9938,NYSE:VMW
BBG000BC4JJ4,NYSE:APD
BBG000BC2R71,NYSE:ALLY
BBG000BC2C10,NYSE:APA
BBG000BC15S7,NYSE:AON
BBG000BBXLW4,NYSE:AN
BBG000BBVJZ8,NYSE:DVN
BBG000BBS9F6,NYSE:TRI
BBG000BBS2Y0,NASDAQ:AMGN
BBG000BBQCY0,NASDAQ:AMD
BBG000BBPFB9,NASDAQ:AMAT
BBG000BBNYF6,NYSE:DRI
BBG000BBNFG6,NYSE:TWI
BBG000BBL8V7,NYSE:PWR
BBG000BBL0Y1,NYSE:ALK
BBG000BBJQV0,NASDAQ:NVDA
BBG000BBJB07,NASDAQ:AKRX
BBG000BBHXQ3,NYSE:AJG
BBG000BBGGQ1,NYSE:VLO
BBG000BBD070,NYSE:HES
BBG000BBCDZ2,NYSE:ROK
BBG000BBBNC6,NYSE:AFL
BBG000BB9KF2,NYSE:AEP
BBG000BB99S3,NASDAQ:SLAB
BBG000BB8SW7,NYSE:PKG
BBG000BB6MM3,NYSE:WBC
BBG000BB6M98,NYSE:FE
BBG000BB6KF5,NYSE:MET
BBG000BB5BF6,NYSE:GME
BBG000BB5792,NYSE:RCL
BBG000BB5006,NASDAQ:ADBE
BBG000BB4HM6,NYSE:RAMP
BBG000BB4D72,NYSE:FLO
BBG000BB2KN0,NASDAQ:LSTR
BBG000BB2DM7,NYSE:KGC
BBG000BB29X4,NYSE:DTE
BBG000B9ZXB4,NYSE:ABT
BBG000B9ZV28,NASDAQ:AMED
BBG000B9YJ35,NYSE:APH
BBG000B9XRY4,NASDAQ:AAPL
BBG000B9X8C0,NYSE:AEE
BBG00HBQ35R8,NYSE:TDW
BBG00GFMPRK0,NYSE:ATUS
BBG00GD1JMV4,NYSE:HCC
BBG00GBV88T6,NYSE:BTU
BBG00FFBF302,AMEX:GDP
BBG00DYPZ4T0,NASDAQ:BHF
BBG00B8NWRF5,NYSE:AGR
BBG009PN0C87,NYSE:ADNT
BBG0081VHTP3,NYSE:IGT
BBG007TJF1N7,NASDAQ:QRVO
BBG0071GM7Y0,NYSE:NOMD
BBG006SCSYG7,NYSE:ACB
BBG006N7S6K9,NYSE:FNF
BBG006KY8KV2,NASDAQ:TERP
BBG006GNSZW5,NASDAQ:LBRDK
BBG006BFYZP8,NYSE:PE
BBG00629NGT2,NASDAQ:TTD
BBG005P7Q881,NASDAQ:AAL
BBG003T67W19,NASDAQ:XONE
BBG002S5ZRF9,NASDAQ:SSYS
BBG002Q7J5Z1,NYSE:TRU
BBG00286S4N9,NYSE:PSX
BBG0025X16Y5,NASDAQ:SAGE
BBG00212PVZ5,NYSE:PSTG
BBG001WWJTK5,NASDAQ:PLAY
BBG001P6MYV3,NASDAQ:TRUE
BBG001NFKJ68,NYSE:NEWR
BBG001LWHLJ8,NASDAQ:GPRO
BBG001LRKS55,NYSE:APO
BBG001LR99L2,NYSE:ARCO
BBG001K61W36,NYSE:NVRO
BBG001C7PM75,NYSE:GWRE
BBG001BP92V1,NYSE:PEN
BBG0017T9998,NASDAQ:CZR
BBG0015XMW40,NYSE:TRGP
BBG000WCFV84,NYSE:LYB
BBG000TYXCT9,NASDAQ:HQY
BBG000RGM5P1,NYSE:TEL
BBG000R7XX87,NASDAQ:PODD
BBG000R0L5J4,NYSE:TDC
BBG000QXXMF7,NASDAQ:LQDT
BBG000QTF8K1,NASDAQ:DXCM
BBG000QML6J5,NASDAQ:FLXN
BBG000QKPTS5,NYSE:LL
BBG000QBR5J5,NYSE:DFS
BBG000Q2HM09,NYSE:YELP
BBG000PQ4W72,NYSE:GNRC
BBG000PN9NB9,NASDAQ:ALTR
BBG000P458P3,NYSE:DPZ
BBG000NSCNT7,NASDAQ:PFG
BBG000NDV1D4,NASDAQ:TMUS
BBG000N7MZ06,NYSE:HUBS
BBG000N746D6,NASDAQ:ETFC
BBG000N49069,NASDAQ:OPK
BBG000MHTV89,NYSE:EPAM
BBG000M65M61,NASDAQ:UAL
BBG000M34GG1,NYSE:MIC
BBG000L9CV04,NYSE:UPS
BBG000L5CJF3,NYSE:XPO
BBG000K8KKL9,NYSE:IMAX
BBG000K5M1S8,NYSE:ENB
BBG000K2HB18,NYSE:EXK
BBG000K14TT5,NASDAQ:GLNG
BBG000JG0547,NASDAQ:ADP
BBG000J7Q1L9,NYSE:HLX
BBG000J2XL74,NYSE:PM
BBG000HW5GX3,NYSE:CNQ
BBG000HCJMF9,NYSE:PRU
BBG000H556T9,NYSE:HON
BBG000GRZDV1,NASDAQ:STRA
BBG000GQ7K93,NYSE:GPK
BBG000GMDMK8,NYSE:GWR
BBG000G30YX4,NASDAQ:ALXN
BBG000FP1N32,NASDAQ:NTAP
BBG000FKX7Z8,NYSE:BAP
BBG000FC7366,NYSE:MKL
BBG000F7RCJ1,NYSE:AAP
BBG000DZCFX4,NYSE:LPI
BBG000DYXD23,NYSE:MTZ
BBG000DW76Y6,NYSE:FICO
BBG000DVB833,NYSE:GVA
BBG000DTMH63,NYSE:NE
BBG000DSZTN6,NYSE:CCJ
BBG000DRTDR6,AMEX:NOG
BBG000DPW6P3,NYSE:AXE
BBG000DNBK89,NYSE:CRK
BBG000DCGRL8,NASDAQ:IPGP
BBG000DBVBY4,NYSE:EV
BBG000D898T9,NYSE:CAH
BBG000D7RKJ5,NYSE:EIX
BBG000D1Y3P1,NASDAQ:FORM
BBG000D13GN8,NASDAQ:ZG
BBG000CZ4KF3,NASDAQ:STMP
BBG000CXYSZ6,NASDAQ:FFIV
BBG000CVRFS4,NYSE:H
BBG000CTV4N4,NASDAQ:ENTG
BBG000CR90K4,NYSE:BB
BBG000CR20B1,NASDAQ:EWBC
BBG000CPHYL4,NYSE:THC
BBG000CNZC55,NASDAQ:ODP
BBG000CNFQW6,NYSE:PRGO
BBG000CJZ2W6,NASDAQ:SINA
BBG000C9F2F9,NASDAQ:ALKS
BBG000C7LMS8,NYSE:AZO
BBG000C6TLC1,NASDAQ:ATLC
BBG000C4HKK2,NYSE:SKX
BBG000C3FGH9,NYSE:GHC
BBG000C32XT3,AMEX:IMO
BBG000C2ZCH8,NYSE:SRE
BBG000C2RV03,NYSE:BNS
BBG000C2L2L0,NYSE:JLL
BBG000C221G9,NYSE:PNR
BBG000C1DHF5,NASDAQ:CRUS
BBG000C0F570,NASDAQ:XLNX
BBG000BY29C7,NYSE:TPR
BBG000BXRPH1,NYSE:PXD
BBG000BX57K1,NASDAQ:XRAY
BBG000BWXBC2,NYSE:WMT
BBG000BWBW76,NYSE:MED
BBG000BW2QX0,NYSE:UNM
BBG000BW1LS8,NASDAQ:CENX
BBG000BV95H9,NYSE:TKR
BBG000BV6R84,NYSE:THO
BBG000BV1NV2,NYSE:DSX
BBG000BTQNQ6,NYSE:FRO
BBG000BT7JW9,NYSE:SNA
BBG000BSBBP1,NYSE:ROL
BBG000BRXTR8,NYSE:RBC
BBG000BRXP69,NYSE:EW
BBG000BRNLL2,NASDAQ:ALGN
BBG000BRK7L6,NYSE:SU
BBG000BRJ809,NYSE:PPG
BBG000BRDSX5,NYSE:PNW
BBG000BR37X2,NYSE:PGR
BBG000BQY289,NASDAQ:PDCO
BBG000BQTMJ9,NYSE:PBI
BBG000BQLTW7,NYSE:ORCL
BBG000BQBYR3,NYSE:NVR
BBG000BPWTW7,NASDAQ:RIGL
BBG000BPQD31,NASDAQ:MYL
BBG000BP6LJ8,NYSE:MO
BBG000BNMMJ3,NASDAQ:HSIC
BBG000BNJRZ8,NASDAQ:BLDP
BBG000BNFJF2,NYSE:DS
BBG000BN53G7,NYSE:LEG
BBG000BMZ7P7,NYSE:KSU
BBG000BMX289,NYSE:KO
BBG000BMQPL1,NYSE:KEY
BBG000BMQCP6,NYSE:KEX
BBG000BM7HL0,NASDAQ:ADSK
BBG000BM6788,NYSE:IR
BBG000BLW530,NYSE:EMN
BBG000BLRT07,NASDAQ:IDXX
BBG000BLNZL4,NYSE:SNV
BBG000BLHRS2,NYSE:HSY
BBG000BLCPY4,NYSE:HP
BBG000BLCL55,NYSE:QEP
BBG000BL9JQ1,NYSE:HFC
BBG000BL5W86,NYSE:HL
BBG000BKZTP3,NYSE:HOG
BBG000BKXFN7,NASDAQ:PTEN
BBG000BKWCS0,NYSE:HRC
BBG000BKQG80,NASDAQ:IAC
BBG000BKFBD7,NYSE:STT
BBG000BK5S78,NYSE:GCO
BBG000BJX8C8,NYSE:NOV
BBG000BJNGN9,NYSE:JBL
BBG000BJF1Z8,NYSE:FDX
BBG000BJBZ23,NASDAQ:MKTX
BBG000BJ9B29,NYSE:FNB
BBG000BJ8YN7,NASDAQ:FAST
BBG000BHPL78,NYSE:EFX
BBG000BHJWG1,NASDAQ:AAXN
BBG000BHG9K0,NASDAQ:ACAD
BBG000BHFHP8,NYSE:UFS
BBG000BHB3M6,NYSE:DOV
BBG000BH1NH9,NYSE:DE
BBG000BH0106,NYSE:BX
BBG000BGVW60,NYSE:D
BBG000BGLRN3,NYSE:CTL
BBG000BGKTF9,NYSE:COF
BBG000BGD7W6,NASDAQ:MAR
BBG000BG3445,NYSE:COO
BBG000BFVZ83,NYSE:RNR
BBG000BF7BV7,NASDAQ:OSTK
BBG000BDJL83,NYSE:FDS
BBG000BDDN94,NYSE:OIS
BBG000BDCQ25,NASDAQ:CECO
BBG000BD8PN9,NYSE:BK
BBG000BCWCG1,NYSE:BBY
BBG000BCRJM5,NASDAQ:AUPH
BBG000BCQ6J8,NYSE:KKR
BBG000BCKGW7,NASDAQ:AMKR
BBG000BCFQC3,NYSE:ASB
BBG000BBK401,NYSE:MATX
BBG000BBDV81,NASDAQ:CTSH
BBG000BB6WG8,NYSE:ADM
BBG000BB6G37,NASDAQ:ADI
BBG000BB65D0,NYSE:IT
BBG000BB5B84,NYSE:LII
BBG000BB5373,NYSE:WU
BBG000BB1TH9,NYSE:FLR
BBG000F1ZSN5,NYSE:ROP
BBG000BLCJG8,NYSE:TK
BBG000BFC8J2,NASDAQ:CELG
BBG006XVD9G0,NYSE:GCI
BBG000NVSBL7,NASDAQ:NVAX
BBG000FD10V8,NASDAQ:ACOR
BBG000BW4804,NYSE:UNT
BBG00JWV3M66,NASDAQ:CTIC
BBG00JG0FFZ2,NASDAQ:PTON
BBG00FJDD048,NYSE:KEG
BBG00DL8NMV2,NYSE:FTI
BBG00CC0GTP1,NASDAQ:ROSE
BBG00B6BFWH9,NYSE:CCEP
BBG009S3NB30,NASDAQ:GOOG
BBG009NRSWJ4,NASDAQ:Z
BBG006SYKFN0,NASDAQ:RWLK
BBG005XNV9D3,NASDAQ:WATT
BBG003338H34,NASDAQ:ZS
BBG0025Y4RY4,NYSE:ABBV
BBG001M8GFD0,NASDAQ:ONVO
BBG001J2P692,NASDAQ:LIFE
BBG001CDB921,NASDAQ:NLNK
BBG001B17MV2,NYSE:W
BBG000VMWHH5,NASDAQ:DISCK
BBG000Q4CWM4,NASDAQ:DGLY
BBG000Q3RGN4,NASDAQ:PSEC
BBG000PQXTT3,NASDAQ:BPTH
BBG000PD6X77,NASDAQ:ARCC
BBG000NSSLY8,AMEX:IGC
BBG000NSQ9M0,NYSE:AUY
BBG000NBPMH5,NASDAQ:SEED
BBG000M1WLY3,NYSE:CRR
BBG000KVF074,NASDAQ:ADXS
BBG000FW8LZ9,NASDAQ:CLDX
BBG000FH5YM1,NASDAQ:FTR
BBG000DLVDK3,NYSE:AEM
BBG000C9KL89,NYSE:BAM
BBG000C4SKT1,NYSE:DY
BBG000C0Q0K4,NYSE:MFC
BBG000BXWBN9,NASDAQ:LBTYK
BBG000BXM6V2,NYSE:UAA
BBG000BV0800,NYSE:PYX
BBG000BSSC44,NYSE:RY
BBG000BSJTT0,NYSE:TECK
BBG000BR14K5,NYSE:CB
BBG000BQ87N0,NYSE:ES
BBG000BQ74K1,NASDAQ:NTRS
BBG000BQ4512,NASDAQ:RIOT
BBG000BK6MB5,NYSE:GE
BBG000BK67C7,NYSE:GD
BBG000BH8TT6,NASDAQ:VVUS
BBG000BGZ9V9,NASDAQ:ASNA
BBG000BD3LM4,NASDAQ:NUAN
BBG000BCRB60,NYSE:AXR
BBG000BBVVP2,NASDAQ:GROW
BBG000BBMT95,NYSE:DF
BBG000BBDZG3,NYSE:AIG
BBG000BB5VJ8,NYSE:HOS
BBG000QH56C1,NASDAQ:CBOE
BBG000BN1807,NASDAQ:LAKE
BBG000VCQPM0,NASDAQ:MDSO
BBG0027DTTL1,NASDAQ:ALDR
BBG000BB07P9,NYSE:GOLD
BBG000QRSL13,NASDAQ:DRYS
BBG00BBHBMF8,NYSE:VSM
BBG000BD6GP9,NYSE:BID
BBG000FBMY72,NYSE:SPN
BBG0042V6JM8,NASDAQ:ZM
BBG000C3CT93,NASDAQ:SFLY
BBG000C26K28,NASDAQ:FNSR
BBG00BN961G4,NYSE:DD
BBG009NMJJJ4,NYSE:FDC
BBG004M1V2R6,NYSE:LXFT
BBG003S44SC5,NYSE:TRCO
BBG0029BK2G7,NYSE:DATA
BBG0027Y18M0,NYSE:WP
BBG000NQ37S7,US:RSLS
BBG000JL6Z80,AMEX:HEB
BBG000G2R6M0,NYSE:GG
BBG000DY8ZS4,NYSE:WFT
BBG000D32LR0,NYSE:ELLI
BBG000D0D8P5,NASDAQ:SVA
BBG000C52TW3,NASDAQ:ARRY
BBG000C1SCJ6,NASDAQ:ULTI
BBG000C1JTL6,NYSE:TSS
BBG000BYD0W2,US:HMNY
BBG000BX5ZF5,NYSE:XRX~1
BBG000BWXL85,NYSE:RHT
BBG000BW5YW1,NYSE:USG
BBG000BSZKK0,US:SIGM
BBG000BRZBT3,AMEX:RDC
BBG000BMDZF0,NYSE:LLL
BBG000BKZ5F6,NYSE:BEL
BBG000BDHNB7,NYSE:BMS
BBG000BD0Q91,NYSE:BKS
BBG000BC40Y8,NYSE:APC
BBG000BBSKC4,US:NLST
BBG000B9XG87,US:AME
BBG001PJFKH9,NYSE:NSM
BBG005KSWVW5,NYSE:RSPP
BBG000QS8XF2,NYSE:VR
BBG000P4BQM9,NYSE:SPB
BBG000BWRPR2,NYSE:WGL
BBG000JDN9K3,NASDAQ:CAVM
BBG004BDQXV5,NASDAQ:HAWK
BBG000F0PF65,NYSE:TWX
BBG000C4VW39,NYSE:OA
BBG000BFWKC0,NYSE:MON
BBG000B9ZGM9,NYSE:BGC
BBG000K3T8L8,NYSE:GXP
BBG000BJXKD0,NYSE:WR
BBG000BPXRB3,NASDAQ:SOHU
BBG000BPG977,NASDAQ:MSCC
BBG007X5DV21,NASDAQ:AVXS
BBG000BB03M1,NYSE:CBI
BBG000B9XT98,NYSE:SGY
BBG001HTYG57,NYSE:MULE
BBG009CWL262,NASDAQ:BUFF
BBG000DDXVZ3,NYSE:DST
BBG003FSTZ60,NYSE:DYN
BBG008S3V4G5,NYSE:CSRA
BBG000W4G3B9,NYSE:ST~1
BBG000BNCJM7,NASDAQ:LNCE
BBG0038K9G41,NASDAQ:LVNTA
BBG00CTY3QD2,NASDAQ:BIVV
BBG000RQW961,NASDAQ:SNI
BBG005NTYL78,NASDAQ:JUNO
BBG004JKTFF5,AMEX:STRP
BBG000BTFDR9,NYSE:CAA
BBG000C0XM37,NYSE:WAC
BBG000BF3NZ1,NASDAQ:BWLD
BBG000BF7JN9,NASDAQ:BSFT
BBG000BLM0V1,NYSE:AGU
BBG0015SFHN1,NASDAQ:GLBR
BBG000BCYP43,NYSE:BCR
BBG000NVNCQ5,NYSE:FIG
BBG000HC7YL9,NYSE:PNK
BBG000FL1TC8,NASDAQ:DTV
BBG000DBK8K8,AMEX:GDP~1
BBG000CGT2S4,NASDAQ:UPL
BBG000C2D140,NASDAQ:HLTH
BBG000BTB4F6,NASDAQ:LSI
BBG000BMB7R1,NYSE:ITT~1
BBG006Q53H50,NASDAQ:VWR
BBG000CG1LX6,NASDAQ:ABCO
BBG000BP6L99,NASDAQ:BRCD
BBG005J68CZ1,NYSE:SFR
BBG005Q2KYS8,NYSE:RICE
BBG000HZFZX3,NYSE:LVLT
BBG000BCM087,NYSE:ATW
BBG001KLTDM4,NASDAQ:KITE
BBG000BYKSX2,NYSE:ALR
BBG000FLNDZ4,NASDAQ:PRXL
BBG000BF7T75,NYSE:AF
BBG000C89QJ1,NYSE:CAB
BBG000QW8XR0,NASDAQ:WBMD
BBG000RVZC33,NYSE:DFT
BBG000L0R4R8,NASDAQ:WOOF
BBG000BCBCM7,NASDAQ:SPLS
BBG00BYQML90,NYSE:SWFT
BBG000DKP3S6,NYSE:KNX~1
BBG009CKXW23,NYSE:PTHN
BBG000BHBK84,NYSE:DOW~1
BBG000BH13K9,NYSE:DD~1
BBG000CPQZ77,NASDAQ:WFM
BBG000C2L329,NASDAQ:SPNC
BBG000Q0FH88,NYSE:NSR
BBG000N8Y8W6,NYSE:AWH
BBG000BBB3K1,NYSE:RAI
BBG000G6BN50,NASDAQ:PNRA
BBG000C4WJT9,NYSE:KATE
BBG000BD4VG8,NYSE:BHI
BBG000BKKGM0,NYSE:OKS
BBG004F0HL81,NYSE:CST
BBG000CZC9G8,NASDAQ:PVTB
BBG000TWC2V5,NYSE:MJN
BBG00CNNNXF3,NYSE:APFH
BBG000BB8ZF0,NYSE:WNR
BBG000BW9W88,NYSE:VAL
BBG000BYD720,NYSE:JNS
BBG000R498S4,NYSE:INVN
BBG000HYNVL9,NYSE:SWC
BBG001J2P4Y9,NASDAQ:ZLTQ
BBG000GYC3G0,NYSE:ETP
BBG000CFM7K0,NYSE:CWEI
BBG000CN1744,NASDAQ:AIRM
BBG000C3Y7J6,NASDAQ:BEAV
BBG000JKFQB8,NYSE:WWAV
BBG000K14Q84,NYSE:JOY
BBG000BNRD35,NYSE:CEB
BBG000BNXMS1,NASDAQ:MENT
BBG000DQV538,NYSE:ENH
BBG000MGLM70,NASDAQ:CYNO
BBG000BN9WT5,NASDAQ:LLTC
BBG000BKTT89,NYSE:HAR
BBG000BRL7B6,NYSE:CLC
BBG000DNTSP4,NYSE:SE
BBG000BQLXQ5,NASDAQ:ISIL
BBG000M4SW14,NYSE:IOC
BBG000F1Q733,NASDAQ:NILE
BBG000CF2GH6,NASDAQ:ARIA
BBG001Q7HQ07,NYSE:LOCK
BBG000PMP096,NYSE:TMH
BBG000BB2KW0,NASDAQ:APOL
BBG000D1QCF1,NYSE:FTI~1
BBG006QRCDZ8,NYSE:NRF
BBG000F15NW9,NYSE:STJ
BBG000BYR208,NASDAQ:ACAS
BBG000J15563,NASDAQ:VLTC
BBG000RHGDJ6,NASDAQ:VA
BBG000Q9HH23,NYSE:LNKD
BBG006MF3Q89,NYSE:TLN
BBG000H4NW15,NYSE:IM
BBG000G0PPW3,NASDAQ:AMSG
BBG000BHWTB8,NYSE:PPS
BBG000PX4P81,NASDAQ:AEGR
BBG000FKYVH4,NYSE:LXK
BBG001BPFT54,NASDAQ:SCTY
BBG000QDBSK6,NYSE:N
BBG003B6V5Q3,NYSE:FLTX
BBG000RPH531,NYSE:BLOX
BBG000BT4L39,NASDAQ:CPHD
BBG000F9KJN4,NYSE:RAX
BBG000G7R499,NASDAQ:SGI
BBG000DGZ1B6,NYSE:MWW
BBG000QDST26,NYSE:ITC
BBG000H4YVR7,NASDAQ:MDVN
BBG000BMRFF9,NASDAQ:OUTR
BBG000BMP3J4,NASDAQ:PLCM
BBG000BLBXT4,NYSE:HOT
BBG000BLRYM2,NASDAQ:FEIC
BBG000BB2PH6,NASDAQ:FCS
BBG0069FL5L5,NASDAQ:MRD
BBG000C48W17,NASDAQ:SQNM
BBG000BHVJJ3,NYSE:EMC
BBG004T8Y2Z2,NYSE:DRII
BBG000QMLJS7,NASDAQ:RLYP
BBG000BK9GS7,NYSE:AXLL
BBG000Q5C256,NYSE:DWA
BBG000BN6349,NYSE:FMD
BBG000QMBKT4,NASDAQ:QLIK
BBG000BH82F0,NASDAQ:QLGC
BBG000DWMRV6,NASDAQ:FNFG
BBG001J41M26,NASDAQ:CPXX
BBG000FVQ434,NYSE:IHS
BBG000BVF0F5,NASDAQ:LDRH
BBG000PTXBV3,NYSE:HTS
BBG000GGSSF8,NYSE:DWRE
BBG000QSFWK0,NASDAQ:XNPT
BBG0077WYXF0,NYSE:CPGX
BBG000G7XJQ0,NASDAQ:UNTD
BBG000BV1Y93,NYSE:TE
BBG000BCKC47,NYSE:GAS
BBG000TBYDT6,NASDAQ:ANAC
BBG000BGR5J0,NYSE:CVC
BBG000Q5VD15,NASDAQ:HERO
BBG00688QWF5,NYSE:BXLT
BBG000BLWZX1,NASDAQ:FSYS
BBG0035B5FC1,NASDAQ:LNCO
BBG000BC8G88,NYSE:ARG
BBG000H89QJ6,NYSE:TWC
BBG000FG3C43,NASDAQ:SNDK
BBG003641015,NYSE:ADT~1
BBG000WCRGZ4,NASDAQ:TFM
BBG000FYZSV4,NYSE:HPY
BBG000F80SZ5,NYSE:SUNE
BBG000BVF2M3,NYSE:JAH
BBG000BGNJ13,NASDAQ:PSUN
BBG000BFZG90,NYSE:CNL
BBG000FW00S1,NYSE:BTU~1
BBG000C31LY4,NASDAQ:ATML
BBG000BZ2GG4,NYSE:CAM
BBG000GL8YG5,NASDAQ:AFFX
BBG000DQX1D4,NYSE:POM
BBG000CYNBV7,NYSE:HNT
BBG000BBBP59,NYSE:PRE
BBG000BQN3K5,NASDAQ:ANAD
BBG000D2H038,NYSE:SLH
BBG000BJ98Z0,NASDAQ:GMCR
BBG000BPKTF9,NASDAQ:DMND
BBG0060HN0R3,NYSE:KING
BBG000C1J0Q4,NYSE:PCL
BBG000R7SPX2,NYSE:SWI~1
BBG000C0MF34,NYSE:PCP
BBG000BFDXW1,NASDAQ:BRCM
BBG000BCDWR6,NASDAQ:OVTI
BBG000BJ9CB7,NASDAQ:DYAX
BBG000BBSX81,NASDAQ:PMCS
BBG000DB3KT1,NASDAQ:WLTW
BBG000BBLK04,NASDAQ:TW~1
BBG000BBMSJ6,NASDAQ:ALTR~1
BBG003LFL2G1,NASDAQ:ZSPH
BBG000DBTPX7,NASDAQ:AWAY
BBG000BFTJ91,NASDAQ:CMCSK
BBG000BM8M92,NYSE:CYT
BBG001J1C1L5,NYSE:FSL
BBG000BB7LK6,NYSE:MWE
BBG000BSY3K9,NASDAQ:SIAL
BBG000C44LH8,NYSE:CYN
BBG000BKSL41,NASDAQ:HCBK
BBG000BFZ1K0,NYSE:CNW
BBG000BKXPK8,NYSE:HCC~1
BBG000BGSMD8,NYSE:OMG
BBG000BC9WH2,NYSE:HME
BBG002052WB8,NASDAQ:KYTH
BBG001Z7M393,NASDAQ:ZU
BBG000HZBJK7,NASDAQ:TRAK
BBG000BSGQN5,NYSE:RYL
BBG000RDPPS8,NYSE:OWW
BBG000P1F8Q7,NYSE:HSP
BBG000BRB2F4,NYSE:PLL
BBG000R33RF4,NASDAQ:RCPT
BBG000BBBQ84,NYSE:PPO
BBG000C9N6Q9,NYSE:ANN
BBG000BQG2C4,NYSE:OCR
BBG000PJ88D0,NYSE:GTI
BBG000K7PWX7,NASDAQ:INFA
BBG000KBQZ88,NASDAQ:CTRX
BBG000BL7529,NYSE:RTI
BBG000BX17T6,NASDAQ:ROSE~1
BBG000PM7GJ0,NYSE:ANR
BBG000BBJ5W5,NASDAQ:ADVS
BBG000BJDPC2,NYSE:FDO
BBG001YMS0B8,NASDAQ:KRFT
BBG000C79ZG6,NASDAQ:IGTE
BBG000C4ZFV1,NYSE:MWV
BBG000BPQVR5,NYSE:RKT
BBG000PB7F79,NYSE:DRC
BBG000BWYFX9,NYSE:TEG
BBG000LBGTS0,NYSE:MCP
BBG000DHNDK1,NYSE:AOL
BBG000BXK5T9,NASDAQ:GEVA
BBG000BCGY17,NYSE:LO
BBG000C0CF62,NYSE:LTM
BBG001D8R8J8,NYSE:XLS
BBG000C11MQ5,NASDAQ:PCYC
BBG000BBV8B8,NASDAQ:ARUN
BBG000PLXQQ3,NYSE:TRW
BBG000BVB8Q0,NYSE:TLM
BBG000KKX4G0,NYSE:ELX
BBG001J2JHN9,NASDAQ:ASPX
BBG001K3L9S5,NASDAQ:HLSS
BBG000R57L13,NASDAQ:RVBD
BBG000FJ9DN8,NYSE:GFIG
BBG000MZFMS2,NASDAQ:SLXP
BBG000JB27Y9,NYSE:CFN
BBG000QXHSV4,NYSE:CODE
BBG000BHC2S1,NASDAQ:PETM
BBG000BM99Z1,NASDAQ:NPSP
BBG000BB38Q3,NYSE:CVD
BBG000PTTV17,NASDAQ:VOLC
BBG000BTY5N9,NASDAQ:COCO
BBG000BBYQJ7,NASDAQ:DRIV
BBG000DG5735,NASDAQ:SAPE
BBG000HQ7GC7,NYSE:RSH
BBG000C3JJC4,NYSE:PL
BBG000GWYBB7,NASDAQ:AUXL
BBG000BV7LP7,NYSE:SWY
BBG000GC80B4,NYSE:COV
BBG000GZD660,NASDAQ:CBST
BBG000DWB323,NYSE:OUBS
BBG000BM6KM3,NYSE:IRF
BBG000BV3SC0,NYSE:ROC
BBG000BMLYZ2,NYSE:KWK
BBG000BQVWZ6,NASDAQ:RFMD
BBG000BB7B64,NASDAQ:TQNT
BBG000FL0BC8,NYSE:FST
BBG000BGPG26,NASDAQ:CPWR
BBG003444577,NYSE:BKW
BBG000BB2N27,NYSE:THI
BBG000C307N8,NASDAQ:CNVR
BBG000D14WM3,NYSE:KOG
BBG000BVSX05,NASDAQ:TIBX
BBG000C6W266,NASDAQ:CNQR
BBG000H5R125,NYSE:KMP
BBG000BM8BM1,NYSE:KMR
BBG004DF9V32,NYSE:ATHL
BBG000D0BMV9,NASDAQ:TWTC
BBG000C3HNW5,NYSE:URS
BBG000BRZJR8,NASDAQ:ITMN
BBG000JHRSB8,NYSE:GDI
BBG000BNHSP9,NYSE:JEF
